Aashish Prateek <prateek2720@gmail.com>
Abhinaba Rakshit <abhinaba.fbr@gmail.com>
Aditya Sohoni <adityasohoni@gmail.com>
Ajay Hajare <ajayghajare@gmail.com>
Akshay Dhayal <akshaydhayalkd99@gmail.com>
Alan Tony <alantonye@gmail.com>
Aman Kumar Dubey <amankumardubey.222cs006@nitk.edu.in>
Ankush Chandra <ankushchandra.181co206@nitk.edu.in>
Arnav Nair <arnavnair13@gmail.com>
Ayushi Jain <ajain3765@gmail.com>
Balaji Naidu <balajinaidu.191ec111@nitk.edu.in>
Bhavya Geetanjali <geetanjalijorige.191cs125@nitk.edu.in>
Chaitanya Samal <chaitanyasamal12@gmail.com>
Dayma Khan <daymakhan23@gmail.com>
Dhanasekhar <dhanasekhar1699@gmail.com>
Dhanwin Rao <dhanwinrao18@gmail.com>
Dheeraj Kumar Srivastava <dksri1996@gmail.com>
Divya Meena <18divya06@gmail.com>
Felipe Murakami <fhmurakami@gmail.com>
Gaurav Bisen <gauravbisen.222cs014@nitk.edu.in>
Himanshu Kashyap <himanshukashyap1122@gmail.com>
Ikjot Singh Dhody <ikjotsd@gmail.com>
Irfan Backer <irfanbacker@hotmail.com>
Ishaan Singh <asishaan.191cs124@nitk.edu.in>
Jay Rathod <jay.m.rathod.01@gmail.com>
Ketan Ganvit <ketanganvit112@gmail.com>
Kinshuk Kashyap <kinshuk.181it222@nitk.edu.in>
Kruthika K Sudhama <kruthikaksudhama@gmail.com>
Mithilesh Kannojiya <mithileshkannojiya@gmail.com>
Mohit P. Tahiliani <tahiliani.nitk@gmail.com>
Narayan G <gnarayang@gmail.com>
Niranjan S Yadiyala <niranjan.sy99@gmail.com>
Nuthan Kumar S <nuthankumars10@gmail.com>
Pallavi Gupta <pallavijan947@gmail.com>
Piyush Kumar Mishra <piyushkumarm868@gmail.com>
Pranab Nandy <nandypranab3@gmail.com>
Pranav Joshi <pranavjoshixavierite@gmail.com>
Pranav Kumar <pranavnkps@gmail.com>
Priyanka G Pai <pgp.191cs236@nitk.edu.in>
Radhika Suradkar <radhikasuradkar@gmail.com>
Rahul Kumar <rahulkr.191cs239@nitk.edu.in>
Rahul Roy <rahul741222@gmail.com>
Raj Kumar Raj <ravishraj12@gmail.com>
Rohan B. Rangari <rrangari94@gmail.com>
Rohan Rathore <rohanrathore.222cs027@nitk.edu.in>
Rohit M P <rohitmp99@gmail.com>
Rohit Parihar <rohit.191cs245@nitk.edu.in>
Sachin Shivaji Doddamani <ronhartforddelta19@gmail.com>
Sadik Dange <sadikdange25@gmail.com>
Sai Krishna Anand <saikrishna001207@gmail.com>
Sai Sree Harsha <sreesai1412@gmail.com>
Satyam Prakash <satyamprakash2828@gmail.com>
Saurabhkumar Desale <saurabhkumardesale@gmail.com>
Shanthanu S Rai <shanthanu.s.rai9@gmail.com>
Shashank D <shashankindiamanoj@gmail.com>
Shelley Tated <tatedshelley@gmail.com>
Shivangi Tomar <geegatomar@gmail.com>
Shreesha Bharadwaj <bharadwajshreesha@gmail.com>
Shreyash Waghmare <shreyash210299@gmail.com>
Suhas K S <suhasks123@gmail.com>
Swati Singh <swatikdma@gmail.com>
Teesta Koch <teesta.222cs032@nitk.edu.in>
Urvesh Rathod <urveshrathod25@gmail.com>
Vanessa Fernandes <vanessafernandes.201it164@nitk.edu.in>
Vashung Muilung <vashungm@gmail.com>
Vignesh Srinivasan <vignesh1722@gmail.com>
Vinayak Prakashan Choyyan <pcvinayak1234@gmail.com>
